{"cameraMode":{"drawMode":0,"name":"Shaded","section":"Shading Mode"},"sceneLighting":true,"audioPlay":false,"sceneViewState":{"m_AlwaysRefresh":true,"showFog":true,"showSkybox":true,"showFlares":true,"showImageEffects":true,"showParticleSystems":true,"showVisualEffectGraphs":true,"m_FxEnabled":false},"in2DMode":false,"pivot":{"x":0.008593957871198655,"y":1.3766123056411744,"z":-0.019415097311139108},"rotation":{"x":-0.08654054254293442,"y":0.9007043242454529,"z":-0.21071310341358186,"w":-0.3699221611022949},"size":0.13730917870998383,"orthographic":false}