{"cameraMode":{"drawMode":0,"name":"Shaded","section":"Shading Mode"},"sceneLighting":true,"audioPlay":false,"sceneViewState":{"m_AlwaysRefresh":true,"showFog":true,"showSkybox":true,"showFlares":true,"showImageEffects":true,"showParticleSystems":true,"showVisualEffectGraphs":true,"m_FxEnabled":false},"in2DMode":false,"pivot":{"x":0.07320025563240051,"y":1.6373326778411866,"z":0.3687165379524231},"rotation":{"x":0.09595048427581787,"y":-0.16788826882839204,"z":0.016421157866716386,"w":0.9809870719909668},"size":1.3693833351135255,"orthographic":false}