{"cameraMode":{"drawMode":0,"name":"Shaded","section":"Shading Mode"},"sceneLighting":false,"audioPlay":false,"sceneViewState":{"m_AlwaysRefresh":true,"showFog":true,"showSkybox":false,"showFlares":true,"showImageEffects":true,"showParticleSystems":true,"showVisualEffectGraphs":true,"m_FxEnabled":false},"in2DMode":false,"pivot":{"x":0.18693327903747559,"y":0.059932027012109759,"z":0.5524196624755859},"rotation":{"x":-0.08654054254293442,"y":0.9007043242454529,"z":-0.21071310341358186,"w":-0.3699221611022949},"size":0.19329124689102174,"orthographic":false}